pos	block_id	pred_state	accepted	support	conflict	margin	confidence	panel_samples	panel_haplotypes	anchors	best_vs_second_margin	n_block_candidates
25002155	phase6_comp_2	1	1	21259.7994093387	534.7394471828212	20725.059962155876	0.9754645211489384	4091	32728	4	11999.222915372495	2
25006802	phase6_comp_2	1	1	24453.288443002733	187.31704869921646	24265.971394303517	0.992398033856664	4091	32728	4	24265.971394303517	1
25013429	phase6_comp_2	-1	1	10687.152139512438	1644.9723854153156	9042.179754097122	0.8666107869661693	4091	32728	4	9042.179754097122	1
25019181	phase6_comp_2	-1	1	7460.621274292891	1142.1333176545681	6318.487956638322	0.8672363246623758	4091	32728	4	6318.487956638322	1
25045430	phase6_comp_3	-1	0	18147.450776818274	7752.4988135928725	10394.951963225401	0.7006751389020829	4091	32728	4	10394.951963225401	1
25079507	phase6_comp_15	1	0	18766.07138807244	6555.6651811803085	12210.40620689213	0.7411052293648528	4091	32728	4	7068.307159265427	2
25086647	phase6_comp_16	-1	0	16644.540524965698	5773.7067586769645	10870.833766288733	0.7424550329191117	4091	32728	4	6704.205442644561	3
25095062	phase6_comp_17	-1	1	8641.1077107756	578.2663663658896	8062.84134440971	0.9372770470611836	4091	16364	2	3411.2277054539554	4
25095963	phase6_comp_17	-1	1	7615.29230487162	753.5203914782549	6861.771913393365	0.9099608966267212	4091	16364	2	1959.6366820771627	4
25098121	phase6_comp_19	1	0	7489.693142311011	1585.695727256516	5903.997415054495	0.8252751755273182	4091	16364	2	2593.8992601838427	4
25107411	phase6_comp_19	-1	0	6555.588453039472	1409.2092988545883	5146.379154184884	0.8230702972314052	4091	16364	2	2364.4402407540547	4
25108196	phase6_comp_21	1	0	11539.390380394896	3292.9612714496907	8246.429108945205	0.7779879179819628	4091	16364	2	936.9274308933909	4
25109502	phase6_comp_21	1	1	13498.11566068417	634.7839346811687	12863.331726003002	0.9550846639503944	4091	16364	2	8060.646484794076	3
25114608	phase6_comp_23	-1	0	7789.682251652646	2289.817497157638	5499.864754495008	0.7728242914607033	4091	16364	2	3424.2020151722145	4
25121875	phase6_comp_23	1	0	7422.851647432351	1523.4341176437931	5899.417529788558	0.8297132287467427	4091	16364	2	638.8941366718382	3
25134389	phase6_comp_28	1	1	11238.919500796235	323.73743504503534	10915.1820657512	0.9720014667181267	4091	24546	3	6.413711542914825	4
25135900	phase6_comp_27	1	1	13832.506918609557	1732.3810639589356	12100.125854650621	0.8886994197517468	4091	24546	3	7374.551832587957	4
25137034	phase6_comp_27	1	1	12090.568267020406	1516.0857127832596	10574.482554237147	0.8885776242246196	4091	24546	3	5177.407733876527	4
25138054	phase6_comp_28	1	1	17463.590498390382	201.0463067207949	17262.544191669585	0.9886187126891494	4091	24546	3	10596.219864637676	4
25147902	phase6_comp_32	1	1	15691.960173085557	1516.3767605173832	14175.583412568174	0.9118812720620124	4091	32728	4	2120.222883908684	3
25149759	phase6_comp_32	1	1	19350.313461577578	2039.4290256159593	17310.88443596162	0.9046538766496602	4091	32728	4	8001.100988001497	3
25150932	phase6_comp_32	1	0	18632.842704078674	6637.485723524508	11995.356980554167	0.7373407416314275	4091	32728	4	4754.123252414437	3
25157151	phase6_comp_33	1	1	24928.08584516744	173.20397613488612	24754.881869032553	0.9930997977646593	4091	32728	4	14360.138691985725	3
25167044	phase6_comp_37	1	0	18069.75232760155	3315.08331916826	14754.66900843329	0.8449797148817926	4091	32728	4	10955.210351968337	3
25168578	phase6_comp_37	1	0	15054.32382664303	2758.2063582675596	12296.11746837547	0.8451535896565611	4091	32728	4	7555.006494129254	3
25170963	phase6_comp_39	1	1	9725.21687916452	314.11248057861445	9411.104398585905	0.9687118064043023	4091	16364	2	4356.78654357416	4
25171776	phase6_comp_40	1	0	7121.581576814899	1630.1581790765717	5491.4233977383265	0.8137332433840726	4091	16364	2	875.7904247221986	4
25172723	phase6_comp_39	1	0	9579.629486031297	3227.6464052610468	6351.983080770251	0.7479833781471421	4091	16364	2	253.1393727576251	4
25175589	phase6_comp_40	1	0	17627.518786224744	4425.002096107466	13202.516690117278	0.7993425731362694	4091	24546	3	545.956615194742	4
25187523	phase6_comp_45	1	0	14882.210897294408	4040.1733173841926	10842.037579910215	0.7864870900227191	4091	24546	3	603.7138970809392	4
25188305	phase6_comp_46	1	1	11772.896100115973	198.16715991506385	11574.72894020091	0.9834461521411634	4091	16364	2	1985.7554549558408	4
25197351	phase6_comp_49	-1	0	15402.241604058476	10783.015034753256	4619.2265693052195	0.588202812617437	4091	32728	4	4619.2265693052195	1
25197905	phase6_comp_49	1	0	14656.766113441694	9388.23162600649	5268.534487435203	0.6095557284830112	4091	32728	4	5268.534487435203	1
25213213	phase6_comp_49	1	0	4979.090856280249	2414.9652980533665	2564.1255582268823	0.6733909984389328	4091	32728	4	2564.1255582268823	1
25236173	phase6_comp_51	1	1	1756.0651542737448	257.12317307219564	1498.9419812015492	0.8722806159862995	4091	8182	1	386.80396518179055	2
25239216	phase6_comp_50	1	1	5976.848394323404	133.6818521284538	5843.16654219495	0.9781227083842555	4091	8182	1	4513.730264847921	2
25249388	phase6_comp_51	1	1	16482.460575413592	143.33715025248603	16339.123425161106	0.9913786302096524	4091	24546	3	14773.493092000997	2
25268108	phase6_comp_56	1	1	5880.6233460756785	133.78418112319898	5746.839164952479	0.9777560498655622	4091	8182	1	2063.422553280442	2
25269098	phase6_comp_56	1	1	6884.893324156024	153.99174122505207	6730.901582930972	0.9781227083842552	4091	8182	1	3361.064556113161	2
25271621	phase6_comp_57	1	1	14013.017031545103	996.6660336763673	13016.350997868736	0.9335984624495027	4091	24546	3	6939.760325838872	3
25272836	phase6_comp_57	1	1	16071.206821868018	1558.4690794799728	14512.737742388044	0.9115996749911432	4091	24546	3	9569.512912713566	3
25274052	phase6_comp_57	1	1	21305.021873673053	56.698613598942686	21248.32326007411	0.9973457843139214	4091	24546	3	17394.680731087392	3
25291895	phase6_comp_61	1	1	4813.349814586716	243.5105067985167	4569.839307788199	0.9518455145441289	4091	8182	1	1650.7436854502962	4
25303881	phase6_comp_63	1	1	5729.476153245135	667.7091477716916	5061.7670054734435	0.8956245416768591	4091	8182	1	4665.6064876220225	2
25317506	phase6_comp_63	1	1	1830.4195804193084	213.03696303696768	1617.3826173823409	0.895746761183069	4091	8182	1	1389.9006790647638	2
25321736	phase6_comp_63	1	1	1512.3711340207021	174.6391752577346	1337.7319587629675	0.8964800782204877	4091	8182	1	1337.7319587629675	1
25352553	phase6_comp_65	1	0	4049.5945000390248	2559.110952490388	1490.4835475486366	0.6127666801202473	4091	16364	2	719.292411814426	2
25358191	phase6_comp_65	1	1	10535.447105478783	1604.323144969164	8931.123960509618	0.8678456748462792	4091	16364	2	4733.331733078608	3
25379766	phase6_comp_66	1	1	8293.455688826332	264.3998499826721	8029.05583884366	0.9691044270631064	4091	16364	2	6118.506495139402	3
25404337	phase6_comp_68	1	1	12477.801289335852	562.556982617136	11915.244306718716	0.9568603123560588	4091	16364	2	6977.404837799017	4
25410966	phase6_comp_70	1	1	7098.0264502252585	530.0227865706605	6568.003663654598	0.9305166012807108	4091	16364	2	780.8630251548257	3
25414561	phase6_comp_70	1	1	10676.517006160826	797.2453106964775	9879.27169546435	0.9305157899667174	4091	16364	2	5351.481122969493	3
25417794	phase6_comp_70	1	1	13310.156101626711	100.81111916123268	13209.344982465478	0.9924829344892463	4091	16364	2	10514.907861453004	2
25424006	phase6_comp_70	1	1	6308.259237014454	336.6201775779073	5971.639059436547	0.9493414166645855	4091	16364	2	4278.784588804273	2
25428506	phase6_comp_70	1	1	4249.911732117514	616.4708736856161	3633.4408584318976	0.8733205085538324	4091	16364	2	3633.4408584318976	1
25431056	phase6_comp_70	1	0	3577.638567188842	647.8731747107172	2929.765392478125	0.8466758077402787	4091	16364	2	542.2237949711325	2
25438728	phase6_comp_71	1	1	4699.937052034298	474.2760152517996	4225.661036782499	0.9083385223831612	4091	16364	2	3694.502471718452	2
25455088	phase6_comp_71	1	0	6549.884189578465	1220.633991778939	5329.250197799526	0.8429147241805036	4091	16364	2	3780.642852221158	2
25459734	phase6_comp_71	1	1	5186.962917994481	203.47071768339632	4983.492200311085	0.9622533674588485	4091	16364	2	3099.1148559752355	3
25460766	phase6_comp_71	1	0	4254.464152251742	792.6626382157357	3461.8015140360067	0.8429477460893513	4091	16364	2	2063.003721367751	3
25466980	phase6_comp_71	1	0	3074.4686577447665	573.7983924764982	2500.6702652682684	0.8427202875837454	4091	16364	2	486.0416613770217	3
25471910	phase6_comp_73	1	1	4468.968531468996	1.0926573426573427	4467.875874126338	0.9997555609875336	4091	8182	1	4075.3806560851144	2
25481836	phase6_comp_74	1	1	4603.590179323933	236.00571521910018	4367.5844641048325	0.9512344170129551	4091	16364	2	627.0981080630004	3
25492580	phase6_comp_74	1	1	11913.247543812215	1370.2345226186728	10543.013021193541	0.896846736739199	4091	16364	2	7182.094432178887	3
25495915	phase6_comp_75	1	1	12353.193707437904	7.553622176496342	12345.640085261408	0.9993889024688338	4091	16364	2	938.0489616072591	4
25498422	phase6_comp_76	-1	0	7328.62375719602	6710.1393604717005	618.4843967243196	0.5220277381825027	4091	16364	2	31.31098762567308	3
25511759	phase6_comp_79	1	1	10458.17577580246	5.78399325101857	10452.391782551442	0.9994472462262208	4091	16364	2	3641.3362915659536	4
25513422	phase6_comp_79	1	1	8626.895719770811	1.6015374759769379	8625.294182294834	0.9998143897566135	4091	16364	2	2666.8049542958006	4
25515572	phase6_comp_79	1	1	7029.6769156034425	3.8814496940474803	7025.795465909395	0.9994481527709789	4091	16364	2	1500.9618765605173	4
25523250	phase6_comp_82	1	1	10640.864921552551	10.414352749255213	10630.450568803295	0.9990222439501345	4091	16364	2	5303.86756823245	2
25533219	phase6_comp_86	1	1	19195.65799015872	131.10019864513504	19064.557791513587	0.9932166482674223	4091	24546	3	17096.07683426849	3
25536645	phase6_comp_86	1	1	12435.437256008403	90.2401821640633	12345.19707384434	0.9927955847011474	4091	24546	3	9983.672530565262	3
25537351	phase6_comp_86	1	1	11596.171963502997	84.59543428388444	11511.576529219112	0.9927577160469857	4091	24546	3	9048.558327477918	3
25538767	phase6_comp_87	-1	0	4984.721887999144	3395.449707381293	1589.272180617851	0.5948233674292502	4091	16364	2	971.6077194663708	3
25540438	phase6_comp_86	1	1	8915.971028296726	106.53411806848197	8809.436910228244	0.9881924015181747	4091	24546	3	5747.218019673472	3
25542170	phase6_comp_86	1	1	7860.320253440111	141.38977911755623	7718.930474322555	0.9823300546330392	4091	24546	3	4311.79746260663	3
25546416	phase6_comp_88	1	1	5550.801412659475	6.1124694376528135	5544.688943221822	0.9989000244439011	4091	8182	1	651.9130956117824	4
25552645	phase6_comp_92	1	1	5889.09918218867	7.212648717957268	5881.8865334707125	0.998776752498036	4091	16364	2	704.266640042496	4
25553895	phase6_comp_92	1	1	6478.497865862252	1.5914816478699416	6476.906384214382	0.9997544043665877	4091	16364	2	1999.245411809722	4
25559413	phase6_comp_92	1	1	22619.86085047066	7.597205365092959	22612.26364510557	0.9996642483947448	4091	32728	4	16826.582940798566	3
25559938	phase6_comp_92	1	1	24387.153394556877	12.551596713796418	24374.60179784308	0.999485584079058	4091	32728	4	19010.505653371016	3
25571251	phase6_comp_95	1	1	24264.418939154402	125.32560946027208	24139.09332969413	0.9948615448099315	4091	32728	4	7686.146298869757	3
25574215	phase6_comp_96	-1	1	20332.38523618657	508.8763260872118	19823.508910099357	0.9755832282721136	4091	24546	3	15513.382327820449	3
25582122	phase6_comp_101	1	0	20710.87315325176	4146.747992986584	16564.125160265176	0.8331800147491546	4091	32728	4	3718.3827571423208	3
25593636	phase6_comp_105	-1	0	9366.23914962112	7246.038864159499	2120.200285461621	0.5638142548452061	4091	24546	3	933.4340101148778	3
25622836	phase6_comp_113	1	1	17151.44922945331	207.30706075533794	16944.14216869797	0.9880574934465627	4091	24546	3	8919.374140344244	2
25632980	phase6_comp_117	1	1	5755.627009645468	223.61882490499735	5532.008184740471	0.9626008310926374	4091	8182	1	4403.086439351362	2
25656712	phase6_comp_126	1	0	9139.630268212772	2276.4057002896266	6863.2245679231455	0.8005957841609486	4091	16364	2	4129.445941969345	3
25666389	phase6_comp_128	1	0	14377.536536238516	8332.746886480505	6044.789649758011	0.6330848571381301	4091	32728	4	143.85484152553818	2
25671561	phase6_comp_129	-1	0	22124.966519318896	5325.726966438057	16799.239552880837	0.8059893470741873	4091	32728	4	10036.138213815539	3
25679165	phase6_comp_133	-1	1	10099.73163393196	148.86164623467687	9950.869987697284	0.9854749191264368	4091	16364	2	4782.429714215847	2
25693871	phase6_comp_136	1	1	6384.9650917347035	257.34697191102595	6127.618119823677	0.9612564165240713	4091	8182	1	6127.618119823677	1
25696551	phase6_comp_136	1	0	3672.3611268239115	955.9904966624846	2716.370630161427	0.7934490344658891	4091	8182	1	1291.278685421969	2
25708368	phase6_comp_143	1	1	6814.925870398653	0.0	6814.925870398653	1.0	4091	8182	1	2643.33851367819	3
25730757	phase6_comp_150	1	0	10933.88649124698	2395.915294903563	8537.971196343417	0.8202587455281681	4091	16364	2	5188.833072137362	2
25731525	phase6_comp_150	1	0	9713.710483469771	2129.2999637589237	7584.410519710847	0.8202061905419338	4091	16364	2	3922.427862233537	2
25732825	phase6_comp_150	1	1	9685.035361453069	278.43332373985766	9406.602037713212	0.9720545793300233	4091	16364	2	5597.446712779778	2
25741683	phase6_comp_153	-1	0	15144.595578307268	3877.8354077249883	11266.76017058228	0.7961440674658041	4091	24546	3	9150.881099040293	2
25748535	phase6_comp_155	1	1	11892.683725935947	58.585858585858524	11834.097867350089	0.9950979384933519	4091	16364	2	2504.077212099435	3
25757636	phase6_comp_156	1	1	7629.778707186858	23.0679926565211	7606.710714530337	0.9969856977983117	4091	16364	2	4470.289125070312	3
25760861	phase6_comp_157	1	1	3886.619992220203	91.40412290937391	3795.215869310829	0.9770227328281551	4091	8182	1	410.38133063068426	3
25763209	phase6_comp_158	-1	0	9253.430146869567	5124.904683934324	4128.525462935243	0.6435675796786413	4091	16364	2	4128.525462935243	1
25765073	phase6_comp_158	-1	0	6894.400605163898	3930.051034214415	2964.349570949483	0.636928394606405	4091	16364	2	2964.349570949483	1
25776535	phase6_comp_160	1	1	4833.08327081816	281.9454863715918	4551.137784446568	0.9448790026888342	4091	8182	1	640.6679361296883	2
25880623	phase6_comp_177	1	1	8726.987033782296	1286.2240039976218	7440.763029784674	0.8715472989488896	4091	16364	2	1051.8436418370438	3
25887848	phase6_comp_181	1	1	10132.242872758974	664.1137154550694	9468.129157303905	0.9384872377983462	4091	16364	2	1985.5453948103732	2
25889591	phase6_comp_181	1	1	13172.934938226244	848.1974002353145	12324.73753799093	0.9395057845714349	4091	16364	2	2579.548473921999	2
25891238	phase6_comp_182	1	1	25521.8625567264	997.9780981121321	24523.884458614266	0.9623686238880153	4091	32728	4	12130.959553217734	2
25901394	phase6_comp_185	1	0	8917.852010062239	4418.1009268628795	4499.7510831993595	0.6687075196081516	4091	16364	2	3861.378320803724	2
25913756	phase6_comp_190	1	0	4203.347390617404	1188.0600948866554	3015.2872957307486	0.779638230261577	4091	8182	1	832.2001345558219	2
25931820	phase6_comp_196	1	0	17213.21599149469	3122.4674998488836	14090.748491645805	0.8464537717073515	4091	32728	4	6288.782458716659	2
25933256	phase6_comp_196	1	0	21022.971836654047	3754.2462688745677	17268.72556777948	0.8484799119544065	4091	32728	4	10407.220160017441	2
25943740	phase6_comp_199	1	1	17303.49798470425	2752.29241255375	14551.205572150498	0.8627681902314834	4091	24546	3	5891.943851868797	3
25945414	phase6_comp_200	1	1	12200.4073199549	1517.9091471299	10682.498172825	0.8893516452421905	4091	16364	2	2717.3414794060545	4
25947114	phase6_comp_201	1	1	11568.372375696395	1460.742316022672	10107.630059673724	0.8878862953788351	4091	16364	2	1330.139431582782	4
25977448	phase6_comp_214	1	0	22654.904329117373	4773.993503989693	17880.91082512768	0.8259502247214828	4091	32728	4	1084.193174443837	2
25980288	phase6_comp_215	1	0	19170.285482591793	7697.544284362455	11472.741198229338	0.7135033104225651	4091	32728	4	10449.043263917782	2
25982624	phase6_comp_215	1	0	16140.419039078617	3266.735160983381	12873.683878095237	0.8316736638814903	4091	32728	4	5913.130955433668	2
25991916	phase6_comp_219	1	0	10774.177936050515	2027.342627706026	8746.835308344489	0.8416326703059162	4091	16364	2	2085.1740631763405	4
26005311	phase6_comp_227	1	1	19524.00195735036	547.6506872762205	18976.351270074138	0.9727152169792638	4091	24546	3	10230.09721201006	4
26009366	phase6_comp_227	1	1	15204.140359047822	351.03825855452527	14853.102100493297	0.9774327079627818	4091	24546	3	5983.873568484421	3
26095344	phase6_comp_240	-1	1	4859.490354847384	11.907597046915935	4847.582757800468	0.9975556098753366	4091	8182	1	1977.176633496576	2
26098259	phase6_comp_240	-1	1	3609.122248739987	7.0715106514629165	3602.0507380885238	0.9980444879002687	4091	8182	1	1531.1005195493735	2
26100352	phase6_comp_240	-1	1	3044.1593316429694	7.459346561241238	3036.6999850817283	0.9975556098753365	4091	8182	1	1306.3644741304865	2
26104702	phase6_comp_241	1	0	3822.3206670354807	1001.7247703946663	2820.5958966408143	0.7923475673296513	4091	16364	2	2490.566610765533	2
26139207	phase6_comp_243	-1	0	2988.7269966581785	1067.1314284673224	1921.595568190856	0.7368913515677505	4091	16364	2	1921.595568190856	1
26144958	phase6_comp_243	-1	0	4185.81890937497	1488.4756550610105	2697.3432543139593	0.7376809331700664	4091	16364	2	712.8735073789339	2
26147534	phase6_comp_243	-1	0	5098.011775725519	1811.748289682607	3286.2634860429125	0.7377986684729269	4091	16364	2	1007.0573184225232	2
26148811	phase6_comp_243	-1	0	5693.185653975903	2052.91119572766	3640.274458248243	0.7349747575378917	4091	16364	2	1184.7327393369205	2
26157570	phase6_comp_244	1	0	15810.961052429777	5236.0622969011	10574.898755528677	0.7512207683720955	4091	32728	4	5991.846701878284	2
26158671	phase6_comp_244	1	0	18494.787106668067	6064.67335511659	12430.113751551478	0.7530616210175536	4091	32728	4	8365.343638217088	2
26168423	phase6_comp_244	-1	0	9443.165673370508	3175.889372649855	6267.276300720652	0.7483258959511848	4091	32728	4	6267.276300720652	1
26169431	phase6_comp_244	-1	0	8760.649971135595	2945.6664323723676	5814.983538763228	0.7483694844016299	4091	32728	4	5814.983538763228	1
26170355	phase6_comp_244	1	0	7524.87539341311	3453.816190436314	4071.059202976796	0.6854073034060664	4091	32728	4	4071.059202976796	1
26172245	phase6_comp_244	-1	0	5283.293699998164	4457.521938084681	825.7717619134828	0.542387197981914	4091	32728	4	825.7717619134828	1
26172890	phase6_comp_244	1	0	6440.875956020183	2939.123041704486	3501.7529143156976	0.6866606230536446	4091	32728	4	3501.7529143156976	1
26178309	phase6_comp_244	-1	0	5327.841509041685	1826.720974968289	3501.120534073396	0.7446774727244464	4091	32728	4	2029.106143694882	3
26180779	phase6_comp_245	1	0	3265.117109012416	705.4092342405296	2559.7078747718865	0.8223386087239489	4091	16364	2	939.5374241619006	3
26184693	phase6_comp_246	1	0	2718.150408075358	1831.2549502211057	886.8954578542523	0.5974737782199246	4091	16364	2	748.0036544157199	2
26186911	phase6_comp_245	1	0	4662.778493252706	990.1457584450843	3672.632734807621	0.8248436182126966	4091	16364	2	1401.9894849620769	2
26189320	phase6_comp_246	1	0	3608.05053373008	2517.499360923707	1090.551172806373	0.5890165937394597	4091	16364	2	759.3384283894811	2
26191559	phase6_comp_245	1	0	6872.350999411758	1455.8332484161776	5416.51775099558	0.8251919980281569	4091	16364	2	2231.74658768897	2
26202632	phase6_comp_245	1	0	5969.203773148623	1310.1294505435806	4659.074322605043	0.8200206790534779	4091	16364	2	777.483576215981	4
26205535	phase6_comp_247	1	0	5973.876301118392	1124.5745772597195	4849.301723858673	0.8415746482538642	4091	16364	2	1117.835197639894	4
26209359	phase6_comp_247	1	0	6883.104841720628	3739.84813206056	3143.2567096600683	0.6479464663647684	4091	16364	2	1223.5352058592252	4
26226197	phase6_comp_252	1	1	17103.164705787167	19.21765434216286	17083.947051445004	0.9988776296465081	4091	24546	3	16775.97383172488	3
26230720	phase6_comp_252	1	1	16687.417656108595	19.366984004804983	16668.05067210379	0.9988407713140501	4091	24546	3	14203.81594474881	4
26240786	phase6_comp_254	1	0	11747.725227597166	7056.045992671481	4691.679234925685	0.6247536778651218	4091	32728	4	383.0248089785164	3
26242691	phase6_comp_255	-1	0	14586.51877285333	3522.6829506500167	11063.835822203313	0.8054755254022026	4091	24546	3	4231.795230410735	3
26250417	phase6_comp_255	-1	1	7429.818093458893	222.56949282851292	7207.24860063038	0.9709150261511397	4091	16364	2	1447.1632153241162	3
26252217	phase6_comp_255	-1	0	5037.45925468157	1512.1421355374414	3525.317119144129	0.7691245550003041	4091	16364	2	3150.3662446350454	3
26255860	phase6_comp_257	-1	0	14430.34916840888	5078.688927575093	9351.660240833788	0.7396750725182824	4091	32728	4	6538.391242885661	3
26265530	phase6_comp_259	1	1	9919.231708316078	10.922927367535921	9908.308780948542	0.9989000244439009	4091	24546	3	6567.5949754414305	2
26270606	phase6_comp_259	1	1	16822.00394504943	28.833013617859418	16793.17093143157	0.9982889269127354	4091	24546	3	14816.721662357439	2
26271811	phase6_comp_259	1	1	19576.972644371624	614.4795397008456	18962.49310467078	0.9695673429479449	4091	24546	3	17456.413124804363	2
26273875	phase6_comp_259	1	1	19942.704021400554	561.3427621002699	19381.361259300284	0.972622830603763	4091	24546	3	5298.418575269534	3
26274937	phase6_comp_259	1	1	17399.415491443244	14.898582072183588	17384.51690937106	0.9991444634563676	4091	24546	3	948.0357977068052	3
26275376	phase6_comp_259	1	0	8525.173117632725	7868.003486003212	657.1696316295129	0.5200439990222443	4091	24546	3	250.36801321431267	3
26284959	phase6_comp_263	1	1	12377.110442496774	184.27150987863524	12192.838932618139	0.98533031551964	4091	16364	2	6199.25737622983	4
26293501	phase6_comp_266	1	1	18574.199498942857	36.83321307418752	18537.36628586867	0.9980208936471104	4091	24546	3	9457.975757550226	4
26296206	phase6_comp_267	1	1	6126.760563381474	2.9967036260113873	6123.763859755462	0.9995111219750673	4091	8182	1	5524.5750659107325	4
26298432	phase6_comp_269	1	1	19694.080836770936	670.4618385727621	19023.618998198173	0.9670769999964437	4091	32728	4	5998.37136525003	3
26307220	phase6_comp_271	1	0	14947.339114102004	3286.7115445887657	11660.627569513239	0.8197486885327785	4091	24546	3	6327.468437034211	4
26316421	phase6_comp_272	1	0	20181.566144588756	6944.226818647565	13237.339325941191	0.7439991218668114	4091	32728	4	13237.339325941191	1
26328147	phase6_comp_275	-1	1	24023.11461304137	2212.197291689514	21810.917321351855	0.9156786357363413	4091	32728	4	17856.35024237912	3
26329544	phase6_comp_277	1	0	6875.634263719436	1482.7095001046348	5392.924763614801	0.8226072602419175	4091	16364	2	4774.198086150855	3
26330792	phase6_comp_275	1	1	17937.79296034715	473.6154210097949	17464.177539337354	0.97427598089186	4091	32728	4	10846.096678675742	3
26342428	phase6_comp_282	1	0	6087.829795010251	1626.8360975060862	4460.993697504165	0.7891242316683851	4091	16364	2	110.16160866536757	4
26345332	phase6_comp_281	1	0	10200.936276521246	2639.581442614859	7561.354833906387	0.79443340990207	4091	16364	2	2352.506915326485	4
26346491	phase6_comp_282	1	0	9777.403049045543	2728.265458257163	7049.137590788379	0.781837695708631	4091	16364	2	3736.2221453796697	4
26348990	phase6_comp_284	1	1	8218.272881666	154.2493118725492	8064.023569793451	0.9815767210516815	4091	16364	2	3098.0629041349694	4
26349208	phase6_comp_284	1	1	8404.724489390768	158.8314238911655	8245.893065499602	0.9814526318856842	4091	16364	2	3135.7037992306596	4
26349898	phase6_comp_282	1	0	9089.989099401477	2830.7815646917384	6259.207534709738	0.7625336780265062	4091	16364	2	1473.2849740129086	4
26356093	phase6_comp_285	1	1	11909.317571804657	255.98599298614832	11653.331578818508	0.9789576978804679	4091	16364	2	5498.133055563903	3
